code,name_en,name_ar,city_en,city_ar,country_en,country_ar,cc
a-coruna-es,Port of A Coruña,ميناء قرجيطة,A Coruña,قرجيطة,Spain,إسبانيا,ES
aarhus-dk,Port of Aarhus,ميناء آرهوس,Aarhus,آرهوس,Denmark,الدنمارك,DK
abu-dhabi-zayed,Zayed Port,ميناء زايد,Abu Dhabi,أبوظبي,United Arab Emirates,الإمارات,AE
adelaide-au,Port of Adelaide,ميناء أديلايد,Adelaide,أديلايد,Australia,أستراليا,AU
agadir-ma,Port of Agadir,ميناء أكادير,Agadir,أكادير,Morocco,المغرب,MA
ain-sokhna-eg,Port of Ain Sokhna,ميناء العين السخنة,Ain Sokhna,العين السخنة,Egypt,مصر,EG
ajaccio,Port of Ajaccio,ميناء أجاكسيو,Ajaccio,أجاكسيو,France,فرنسا,FR
akureyri-is,Port of Akureyri,ميناء أكوريري,Akureyri,أكوريري,Iceland,آيسلندا,IS
alanya-tr,Port of Alanya,ميناء علانية,Alanya,علانية,Türkiye,تركيا,TR
alexandria,Port of Alexandria,ميناء الإسكندرية,Alexandria,الإسكندرية,Egypt,مصر,EG
alicante-es,Port of Alicante,ميناء لقنت,Alicante,لقنت,Spain,إسبانيا,ES
amsterdam-port,Passenger Terminal Amsterdam,محطة ركاب أمستردام,Amsterdam,أمستردام,Netherlands,هولندا,NL
antalya-tr,Port of Antalya,ميناء أنطالية,Antalya,أنطالية,Türkiye,تركيا,TR
aqaba,Port of Aqaba,ميناء العقبة,Aqaba,العقبة,Jordan,الأردن,JO
auckland-port,Port of Auckland,ميناء أوكلاند,Auckland,أوكلاند,New Zealand,نيوزيلندا,NZ
bahrain,Khalifa Bin Salman Port,ميناء خليفة بن سلمان,Manama,المنامة,Bahrain,البحرين,BH
baltimore-us,Port of Baltimore,ميناء بلتيمور,Baltimore,بلتيمور,United States,الولايات المتحدة,US
bar-me,Port of Bar,ميناء بار,Bar,بار,Montenegro,الجبل الأسود,ME
barcelona,Port of Barcelona,ميناء برشلونة,Barcelona,برشلونة,Spain,إسبانيا,ES
bari,Port of Bari,ميناء باري,Bari,باري,Italy,إيطاليا,IT
basseterre-kn,Port of Basseterre,ميناء باستير,Basseterre,باستير,St. Kitts & Nevis,سانت كيتس ونيفيس,KN
bastia-fr,Port of Bastia,ميناء باستيا,Bastia,باستيا,France,فرنسا,FR
bayonne-us,Port of Bayonne,ميناء بايون,Bayonne,بايون,United States,الولايات المتحدة,US
belfast-gb,Port of Belfast,ميناء بلفاست,Belfast,بلفاست,United Kingdom,المملكة المتحدة,GB
belize-city-bz,Port of Belize City,ميناء مدينة بليز,Belize City,مدينة بليز,Belize,بليز,BZ
benoa,Benoa Harbour (Bali),ميناء بينوا (بالي),Bali,بالي,Indonesia,إندونيسيا,ID
bergen,Port of Bergen,ميناء بيرغن,Bergen,بيرغن,Norway,النرويج,NO
bilbao-es,Port of Bilbao,ميناء بلباو,Bilbao,بلباو,Spain,إسبانيا,ES
bodrum-port,Port of Bodrum,ميناء بودروم,Bodrum,بودروم,Türkiye,تركيا,TR
boston-us,Port of Boston,ميناء بسطن,Boston,بسطن,United States,الولايات المتحدة,US
bremerhaven-de,Port of Bremerhaven,ميناء بريمرهافن,Bremerhaven,بريمرهافن,Germany,ألمانيا,DE
bridgetown,Bridgetown Port,ميناء بريدجتاون,Bridgetown,بريدجتاون,Barbados,بربادوس,BB
brisbane-au,Port of Brisbane,ميناء بريزبان,Brisbane,بريزبان,Australia,أستراليا,AU
buenos-aires-ar,Port of Buenos Aires,ميناء بوينس آيرس,Buenos Aires,بوينس آيرس,Argentina,الأرجنتين,AR
busan-port,Port of Busan,ميناء بوسان,Busan,بوسان,South Korea,كوريا الجنوبية,KR
cabo-san-lucas-mx,Port of Cabo San Lucas,ميناء كابو سان لوكاس,Cabo San Lucas,كابو سان لوكاس,Mexico,المكسيك,MX
cadiz-es,Port of Cádiz,ميناء قادس,Cádiz,قادس,Spain,إسبانيا,ES
cagliari-it,Port of Cagliari,ميناء كلياري,Cagliari,كلياري,Italy,إيطاليا,IT
cairns-au,Port of Cairns,ميناء كيرنز,Cairns,كيرنز,Australia,أستراليا,AU
callao-pe,Port of Callao,ميناء مديرية كاياو,Callao,مديرية كاياو,Peru,بيرو,PE
cannes-fr,Port of Cannes,ميناء كان,Cannes,كان,France,فرنسا,FR
cape-town-port,Port of Cape Town,ميناء كيب تاون,Cape Town,كيب تاون,South Africa,جنوب أفريقيا,ZA
cartagena-co,Port of Cartagena,ميناء قرطاجنة,Cartagena,قرطاجنة,Colombia,كولومبيا,CO
cartagena-es,Port of Cartagena,ميناء قرطاجنة,Cartagena,قرطاجنة,Spain,إسبانيا,ES
casablanca-port,Port of Casablanca,ميناء الدار البيضاء,Casablanca,الدار البيضاء,Morocco,المغرب,MA
castries-lc,Port of Castries,ميناء كاستريس,Castries,كاستريس,St. Lucia,سانت لوسيا,LC
catania-it,Port of Catania,ميناء قطانية,Catania,قطانية,Italy,إيطاليا,IT
chania-gr,Port of Chania,ميناء خانية,Chania,خانية,Greece,اليونان,GR
charleston-us,Port of Charleston,ميناء تشارلستون,Charleston,تشارلستون,United States,الولايات المتحدة,US
charlotte-amalie-vi,Port of Charlotte Amalie,ميناء شارلوت أمالي,Charlotte Amalie,شارلوت أمالي,U.S. Virgin Islands,جزر فيرجن الأمريكية,VI
chennai-in,Port of Chennai,ميناء تشيناي,Chennai,تشيناي,India,الهند,IN
christchurch-nz,Port of Christchurch,ميناء كرايستشرش,Christchurch,كرايستشرش,New Zealand,نيوزيلندا,NZ
civitavecchia,Civitavecchia (Rome),تشيفيتافيكيا (روما),Rome,روما,Italy,إيطاليا,IT
civitavecchia-it,Port of Civitavecchia,ميناء جبت بكة,Civitavecchia,جبت بكة,Italy,إيطاليا,IT
colombo-port,Port of Colombo,ميناء كولومبو,Colombo,كولومبو,Sri Lanka,سريلانكا,LK
copenhagen-port,Port of Copenhagen,ميناء كوبنهاغن,Copenhagen,كوبنهاغن,Denmark,الدنمارك,DK
corfu,Port of Corfu,ميناء كورفو,Corfu,كورفو,Greece,اليونان,GR
cork-ie,Port of Cork,ميناء كورك,Cork,كورك,Ireland,أيرلندا,IE
cozumel,Port of Cozumel,ميناء كوزوميل,Cozumel,كوزوميل,Mexico,المكسيك,MX
da-nang-vn,Port of Da Nang,ميناء دا نانغ,Da Nang,دا نانغ,Vietnam,فيتنام,VN
dakar-sn,Port of Dakar,ميناء دكار,Dakar,دكار,Senegal,السنغال,SN
dammam,King Abdulaziz Port,ميناء الملك عبدالعزيز,Dammam,الدمام,Saudi Arabia,السعودية,SA
darwin-au,Port of Darwin,ميناء داروين,Darwin,داروين,Australia,أستراليا,AU
djibouti-dj,Port of Djibouti,ميناء جيبوتي,Djibouti,جيبوتي,Djibouti,جيبوتي,DJ
doha,Doha Port,ميناء الدوحة,Doha,الدوحة,Qatar,قطر,QA
dover,Port of Dover,ميناء دوفر,Dover,دوفر,United Kingdom,المملكة المتحدة,GB
duba-sa,Port of Duba,ميناء ضباء,Duba,ضباء,Saudi Arabia,السعودية,SA
dubai-port-rashid,Port Rashid,ميناء راشد,Dubai,دبي,United Arab Emirates,الإمارات,AE
dublin-port,Dublin Port,ميناء دبلن,Dublin,دبلن,Ireland,أيرلندا,IE
dubrovnik-port,Port of Dubrovnik,ميناء دوبروفنيك,Dubrovnik,دوبروفنيك,Croatia,كرواتيا,HR
dunedin-nz,Port of Dunedin,ميناء دنيدن,Dunedin,دنيدن,New Zealand,نيوزيلندا,NZ
durban-port,Port of Durban,ميناء ديربان,Durban,ديربان,South Africa,جنوب أفريقيا,ZA
durres-al,Port of Durrës,ميناء دراس,Durrës,دراس,Albania,ألبانيا,AL
edinburgh-port,Port of Leith,ميناء ليث,Edinburgh,إدنبرة,United Kingdom,المملكة المتحدة,GB
ensenada-mx,Port of Ensenada,ميناء إنسينادا,Ensenada,إنسينادا,Mexico,المكسيك,MX
falmouth-jm,Port of Falmouth,ميناء فالماوث,Falmouth,فالماوث,Jamaica,جامايكا,JM
fort-de-france-mq,Port of Fort-de-France,ميناء فور دو فرانس,Fort-de-France,فور دو فرانس,Martinique,جزر المارتينيك,MQ
fort-lauderdale,Port Everglades,ميناء إيفرغليدز,Fort Lauderdale,فورت لودرديل,United States,الولايات المتحدة,US
freeport-bs,Port of Freeport,ميناء فريبورت,Freeport,فريبورت,Bahamas,جزر البهاما,BS
fujairah-ae,Port of Fujairah,ميناء الفجيرة,Fujairah,الفجيرة,United Arab Emirates,الإمارات,AE
funchal,Port of Funchal,ميناء فونشال,Madeira,ماديرا,Portugal,البرتغال,PT
funchal-pt,Port of Funchal,ميناء فُنْشال,Funchal,فُنْشال,Portugal,البرتغال,PT
galveston,Port of Galveston,ميناء غالفستون,Galveston,غالفستون,United States,الولايات المتحدة,US
gdansk-pl,Port of Gdańsk,ميناء غدانسك,Gdańsk,غدانسك,Poland,بولندا,PL
gdynia-pl,Port of Gdynia,ميناء غدينيا,Gdynia,غدينيا,Poland,بولندا,PL
genoa,Port of Genoa,ميناء جنوة,Genoa,جنوة,Italy,إيطاليا,IT
george-town-ky,Port of George Town,ميناء جورج تاون,George Town,جورج تاون,Cayman Islands,جزر كايمان,KY
gibraltar-gi,Port of Gibraltar,ميناء جبل طارق,Gibraltar,جبل طارق,Gibraltar,جبل طارق,GI
glasgow-gb,Port of Glasgow,ميناء غلاسكو,Glasgow,غلاسكو,United Kingdom,المملكة المتحدة,GB
goa-in,Port of Goa,ميناء غوا,Goa,غوا,India,الهند,IN
gothenburg-se,Port of Gothenburg,ميناء غوتنبرغ,Gothenburg,غوتنبرغ,Sweden,السويد,SE
guayaquil-ec,Port of Guayaquil,ميناء غواياكيل,Guayaquil,غواياكيل,Ecuador,الإكوادور,EC
haifa-il,Port of Haifa,ميناء حيفا,Haifa,حيفا,Israel,إسرائيل,IL
hakodate-jp,Port of Hakodate,ميناء هاكوداته,Hakodate,هاكوداته,Japan,اليابان,JP
halifax-ca,Port of Halifax,ميناء هاليفاكس,Halifax,هاليفاكس,Canada,كندا,CA
hamburg-port,Port of Hamburg,ميناء هامبورغ,Hamburg,هامبورغ,Germany,ألمانيا,DE
harwich-gb,Port of Harwich,ميناء هارويتش,Harwich,هارويتش,United Kingdom,المملكة المتحدة,GB
havana-cu,Port of Havana,ميناء هافانا,Havana,هافانا,Cuba,كوبا,CU
helsinki-port,Port of Helsinki,ميناء هلسنكي,Helsinki,هلسنكي,Finland,فنلندا,FI
heraklion-gr,Port of Heraklion,ميناء كاندية,Heraklion,كاندية,Greece,اليونان,GR
heraklion-port,Port of Heraklion,ميناء هيراكليون,Crete,كريت,Greece,اليونان,GR
ho-chi-minh-city-vn,Port of Ho Chi Minh City,ميناء مدينة هو تشي منه,Ho Chi Minh City,مدينة هو تشي منه,Vietnam,فيتنام,VN
hobart-au,Port of Hobart,ميناء هوبرت,Hobart,هوبرت,Australia,أستراليا,AU
hong-kong-port,Kai Tak Cruise Terminal,محطة كاي تاك للرحلات البحرية,Hong Kong,هونغ كونغ,Hong Kong,هونغ كونغ,HK
honolulu-us,Port of Honolulu,ميناء هونولولو,Honolulu,هونولولو,United States,الولايات المتحدة,US
ibiza-port,Port of Ibiza,ميناء إيبيزا,Ibiza,إيبيزا,Spain,إسبانيا,ES
incheon-kr,Port of Incheon,ميناء إنتشون,Incheon,إنتشون,South Korea,كوريا الجنوبية,KR
istanbul-port,Galataport,ميناء غلطة,Istanbul,إسطنبول,Türkiye,تركيا,TR
izmir-port,Port of İzmir,ميناء إزمير,İzmir,إزمير,Türkiye,تركيا,TR
jakarta-id,Port of Jakarta,ميناء جاكرتا,Jakarta,جاكرتا,Indonesia,إندونيسيا,ID
jeddah,Jeddah Islamic Port,ميناء جدة الإسلامي,Jeddah,جدة,Saudi Arabia,السعودية,SA
juneau-us,Port of Juneau,ميناء جونو,Juneau,جونو,United States,الولايات المتحدة,US
kaohsiung-tw,Port of Kaohsiung,ميناء كاوهسيونغ,Kaohsiung,كاوهسيونغ,Taiwan,تايوان,TW
keelung-tw,Port of Keelung,ميناء كيلونغ,Keelung,كيلونغ,Taiwan,تايوان,TW
ketchikan-us,Port of Ketchikan,ميناء كيتشيكان,Ketchikan,كيتشيكان,United States,الولايات المتحدة,US
khasab,Khasab Port,ميناء خصب,Khasab,خصب,Oman,عُمان,OM
kiel,Port of Kiel,ميناء كيل,Kiel,كيل,Germany,ألمانيا,DE
kingstown-vc,Port of Kingstown,ميناء كينغستاون,Kingstown,كينغستاون,St. Vincent & Grenadines,سانت فنسنت وجزر غرينادين,VC
kirkenes-no,Port of Kirkenes,ميناء شيركنيس,Kirkenes,شيركنيس,Norway,النرويج,NO
klaipeda-lt,Port of Klaipėda,ميناء كلايبيدا,Klaipėda,كلايبيدا,Lithuania,ليتوانيا,LT
ko-samui-th,Port of Ko Samui,ميناء جزيرة ساموي,Ko Samui,جزيرة ساموي,Thailand,تايلاند,TH
kobe,Port of Kobe,ميناء كوبي,Kobe,كوبي,Japan,اليابان,JP
kochi-in,Port of Kochi,ميناء كوتشي,Kochi,كوتشي,India,الهند,IN
komodo-id,Port of Komodo,ميناء كومودو (غرب مانغغراي),Komodo,كومودو (غرب مانغغراي),Indonesia,إندونيسيا,ID
koper-si,Port of Koper,ميناء كوبر,Koper,كوبر,Slovenia,سلوفينيا,SI
kos-gr,Port of Kos,ميناء كوس,Kos,كوس,Greece,اليونان,GR
kota-kinabalu-my,Port of Kota Kinabalu,ميناء كوتا كينابالو,Kota Kinabalu,كوتا كينابالو,Malaysia,ماليزيا,MY
kotor,Port of Kotor,ميناء كوتور,Kotor,كوتور,Montenegro,الجبل الأسود,ME
kusadasi,Port of Kuşadası,ميناء كوش أداسي,Kuşadası,كوش أداسي,Türkiye,تركيا,TR
kuwait,Shuwaikh Port,ميناء الشويخ,Kuwait City,مدينة الكويت,Kuwait,الكويت,KW
la-romana-do,Port of La Romana,ميناء لا رومانا,La Romana,لا رومانا,Dominican Republic,جمهورية الدومينيكان,DO
la-spezia-it,Port of La Spezia,ميناء لا سبيتسيا,La Spezia,لا سبيتسيا,Italy,إيطاليا,IT
laem-chabang,Laem Chabang (Bangkok),ليم تشابانغ (بانكوك),Bangkok,بانكوك,Thailand,تايلاند,TH
laem-chabang-th,Port of Laem Chabang,ميناء لايم شابانغ,Laem Chabang,لايم شابانغ,Thailand,تايلاند,TH
langkawi-my,Port of Langkawi,ميناء لانكاوي,Langkawi,لانكاوي,Malaysia,ماليزيا,MY
lanzarote-es,Port of Lanzarote,ميناء لنزاروت,Lanzarote,لنزاروت,Spain,إسبانيا,ES
larnaca-cy,Port of Larnaca,ميناء لرنقة,Larnaca,لرنقة,Cyprus,قبرص,CY
las-palmas-de-gran-canaria-es,Port of Las Palmas de Gran Canaria,ميناء لاس بالماس دي غران كناريا,Las Palmas de Gran Canaria,لاس بالماس دي غران كناريا,Spain,إسبانيا,ES
limassol,Port of Limassol,ميناء ليماسول,Limassol,ليماسول,Cyprus,قبرص,CY
lisbon-port,Port of Lisbon,ميناء لشبونة,Lisbon,لشبونة,Portugal,البرتغال,PT
liverpool-gb,Port of Liverpool,ميناء ليفربول,Liverpool,ليفربول,United Kingdom,المملكة المتحدة,GB
livorno-it,Port of Livorno,ميناء لِفُرنة,Livorno,لِفُرنة,Italy,إيطاليا,IT
longyearbyen-no,Port of Longyearbyen,ميناء لونغييربين,Longyearbyen,لونغييربين,Norway,النرويج,NO
los-angeles-port,Port of Los Angeles,ميناء لوس أنجلوس,Los Angeles,لوس أنجلوس,United States,الولايات المتحدة,US
malaga-port,Port of Málaga,ميناء مالقة,Málaga,مالقة,Spain,إسبانيا,ES
male-port,Port of Malé,ميناء ماليه,Malé,ماليه,Maldives,المالديف,MV
manila-ph,Port of Manila,ميناء مانيلا,Manila,مانيلا,Philippines,الفلبين,PH
marmaris-tr,Port of Marmaris,ميناء مرمريس,Marmaris,مرمريس,Türkiye,تركيا,TR
marseille-port,Port of Marseille,ميناء مرسيليا,Marseille,مرسيليا,France,فرنسا,FR
massawa-er,Port of Massawa,ميناء مصوع,Massawa,مصوع,Eritrea,إريتريا,ER
mazatlan-mx,Port of Mazatlán,ميناء مازاتلان,Mazatlán,مازاتلان,Mexico,المكسيك,MX
melbourne-au,Port of Melbourne,ميناء ملبورن,Melbourne,ملبورن,Australia,أستراليا,AU
messina-it,Port of Messina,ميناء مسينة,Messina,مسينة,Italy,إيطاليا,IT
miami,PortMiami,ميناء ميامي,Miami,ميامي,United States,الولايات المتحدة,US
mombasa,Port of Mombasa,ميناء مومباسا,Mombasa,مومباسا,Kenya,كينيا,KE
monaco-port,Port Hercule,ميناء هرقل,Monaco,موناكو,Monaco,موناكو,MC
montego-bay-jm,Port of Montego Bay,ميناء مونتيغو باي,Montego Bay,مونتيغو باي,Jamaica,جامايكا,JM
montevideo-uy,Port of Montevideo,ميناء مونتفيدو,Montevideo,مونتفيدو,Uruguay,أورغواي,UY
montreal-ca,Port of Montreal,ميناء مونتريال,Montreal,مونتريال,Canada,كندا,CA
montreal-port,Port of Montréal,ميناء مونتريال,Montréal,مونتريال,Canada,كندا,CA
mumbai-port,Mumbai Cruise Terminal,محطة مومباي للرحلات البحرية,Mumbai,مومباي,India,الهند,IN
muscat,Sultan Qaboos Port,ميناء السلطان قابوس,Muscat,مسقط,Oman,عُمان,OM
mykonos-port,Mykonos Port,ميناء ميكونوس,Mykonos,ميكونوس,Greece,اليونان,GR
nagasaki-jp,Port of Nagasaki,ميناء ناغاساكي,Nagasaki,ناغاساكي,Japan,اليابان,JP
naples,Port of Naples,ميناء نابولي,Naples,نابولي,Italy,إيطاليا,IT
nassau,Port of Nassau,ميناء ناسو,Nassau,ناسو,Bahamas,جزر البهاما,BS
new-orleans-us,Port of New Orleans,ميناء نيو أورلينز,New Orleans,نيو أورلينز,United States,الولايات المتحدة,US
new-york-city-us,Port of New York City,ميناء نيويورك,New York City,نيويورك,United States,الولايات المتحدة,US
new-york-port,Manhattan Cruise Terminal,محطة مانهاتن للرحلات البحرية,New York,نيويورك,United States,الولايات المتحدة,US
newcastle-upon-tyne-gb,Port of Newcastle upon Tyne,ميناء نيوكاسل أبون تاين,Newcastle upon Tyne,نيوكاسل أبون تاين,United Kingdom,المملكة المتحدة,GB
nice-port,Port of Nice,ميناء نيس,Nice,نيس,France,فرنسا,FR
norfolk-us,Port of Norfolk,ميناء نورفولك,Norfolk,نورفولك,United States,الولايات المتحدة,US
nosy-be-mg,Port of Nosy Be,ميناء نوسي بي,Nosy Be,نوسي بي,Madagascar,مدغشقر,MG
noumea-nc,Port of Nouméa,ميناء نوميا,Nouméa,نوميا,New Caledonia,كاليدونيا الجديدة,NC
nuuk-gl,Port of Nuuk,ميناء نوك,Nuuk,نوك,Greenland,غرينلاند,GL
ocho-rios-jm,Port of Ocho Rios,ميناء أوتشو ريوس,Ocho Rios,أوتشو ريوس,Jamaica,جامايكا,JM
okinawa-jp,Port of Okinawa,ميناء مدينة أوكيناوا,Okinawa,مدينة أوكيناوا,Japan,اليابان,JP
olbia-it,Port of Olbia,ميناء أولبيا,Olbia,أولبيا,Italy,إيطاليا,IT
oranjestad-aw,Port of Oranjestad,ميناء أورنجستاد,Oranjestad,أورنجستاد,Aruba,أروبا,AW
oslo-port,Port of Oslo,ميناء أوسلو,Oslo,أوسلو,Norway,النرويج,NO
palermo,Port of Palermo,ميناء باليرمو,Palermo,باليرمو,Italy,إيطاليا,IT
palma,Port of Palma,ميناء بالما,Palma de Mallorca,بالما دي مايوركا,Spain,إسبانيا,ES
papeete-pf,Port of Papeete,ميناء بابيتي,Papeete,بابيتي,French Polynesia,بولينيزيا الفرنسية,PF
patmos-gr,Port of Patmos,ميناء بطمس,Patmos,بطمس,Greece,اليونان,GR
penang-my,Port of Penang,ميناء بينانق,Penang,بينانق,Malaysia,ماليزيا,MY
perth-au,Port of Perth,ميناء برث,Perth,برث,Australia,أستراليا,AU
philipsburg-sx,Port of Philipsburg,ميناء فيليبسبورغ,Philipsburg,فيليبسبورغ,Sint Maarten,سانت مارتن,SX
phuket-port,Phuket Cruise Port,ميناء فوكيت,Phuket,فوكيت,Thailand,تايلاند,TH
piraeus,Port of Piraeus (Athens),ميناء بيرايوس (أثينا),Athens,أثينا,Greece,اليونان,GR
piraeus-gr,Port of Piraeus,ميناء بيرايوس,Piraeus,بيرايوس,Greece,اليونان,GR
pointe-a-pitre-gp,Port of Pointe-à-Pitre,ميناء بوانت-آه-بيتر,Pointe-à-Pitre,بوانت-آه-بيتر,Guadeloupe,غوادلوب,GP
ponta-delgada-pt,Port of Ponta Delgada,ميناء بُنتة دِلغَادة,Ponta Delgada,بُنتة دِلغَادة,Portugal,البرتغال,PT
port-canaveral,Port Canaveral,ميناء كانافيرال,Orlando,أورلاندو,United States,الولايات المتحدة,US
port-klang,Port Klang (Kuala Lumpur),ميناء كلانغ (كوالالمبور),Kuala Lumpur,كوالالمبور,Malaysia,ماليزيا,MY
port-klang-my,Port of Port Klang,ميناء ميناء كلاغ,Port Klang,ميناء كلاغ,Malaysia,ماليزيا,MY
port-louis,Port Louis,بورت لويس,Port Louis,بورت لويس,Mauritius,موريشيوس,MU
port-said,Port Said,بورسعيد,Port Said,بورسعيد,Egypt,مصر,EG
porto-pt,Port of Porto,ميناء بورتو,Porto,بورتو,Portugal,البرتغال,PT
portsmouth-gb,Port of Portsmouth,ميناء بورتسموث,Portsmouth,بورتسموث,United Kingdom,المملكة المتحدة,GB
praia-cv,Port of Praia,ميناء برايا,Praia,برايا,Cape Verde,الرأس الأخضر,CV
puerto-ayora-ec,Port of Puerto Ayora,ميناء Puerto Ayora,Puerto Ayora,Puerto Ayora,Ecuador,الإكوادور,EC
puerto-plata-do,Port of Puerto Plata,ميناء بويرتو بلاتا,Puerto Plata,بويرتو بلاتا,Dominican Republic,جمهورية الدومينيكان,DO
puerto-vallarta-mx,Port of Puerto Vallarta,ميناء بويرتو فالارتا,Puerto Vallarta,بويرتو فالارتا,Mexico,المكسيك,MX
punta-arenas-cl,Port of Punta Arenas,ميناء بونتا أريناس,Punta Arenas,بونتا أريناس,Chile,تشيلي,CL
quebec-city-ca,Port of Quebec City,ميناء مدينة كبك,Quebec City,مدينة كبك,Canada,كندا,CA
ravenna-it,Port of Ravenna,ميناء ربنة,Ravenna,ربنة,Italy,إيطاليا,IT
reykjavik-port,Port of Reykjavík,ميناء ريكيافيك,Reykjavík,ريكيافيك,Iceland,آيسلندا,IS
rhodes-port,Port of Rhodes,ميناء رودس,Rhodes,رودس,Greece,اليونان,GR
riga-lv,Port of Riga,ميناء ريغا,Riga,ريغا,Latvia,لاتفيا,LV
rijeka-hr,Port of Rijeka,ميناء رييكا,Rijeka,رييكا,Croatia,كرواتيا,HR
rio-de-janeiro-br,Port of Rio de Janeiro,ميناء ريو دي جانيرو,Rio de Janeiro,ريو دي جانيرو,Brazil,البرازيل,BR
road-town-vg,Port of Road Town,ميناء رود تاون,Road Town,رود تاون,British Virgin Islands,جزر فيرجن البريطانية,VG
roatan-hn,Port of Roatán,ميناء رواتان,Roatán,رواتان,Honduras,هندوراس,HN
roseau-dm,Port of Roseau,ميناء روسو,Roseau,روسو,Dominica,دومينيكا,DM
rotterdam,Port of Rotterdam,ميناء روتردام,Rotterdam,روتردام,Netherlands,هولندا,NL
safaga,Port Safaga,ميناء سفاجا,Safaga,سفاجا,Egypt,مصر,EG
saint-john-ca,Port of Saint John,ميناء سانت جون,Saint John,سانت جون,Canada,كندا,CA
saint-petersburg-ru,Port of Saint Petersburg,ميناء سانت بطرسبرغ,Saint Petersburg,سانت بطرسبرغ,Russia,روسيا,RU
salalah,Port of Salalah,ميناء صلالة,Salalah,صلالة,Oman,عُمان,OM
salerno-it,Port of Salerno,ميناء سلرنو,Salerno,سلرنو,Italy,إيطاليا,IT
salvador-br,Port of Salvador,ميناء سالفادور,Salvador,سالفادور,Brazil,البرازيل,BR
san-diego-us,Port of San Diego,ميناء سان دييغو,San Diego,سان دييغو,United States,الولايات المتحدة,US
san-francisco-us,Port of San Francisco,ميناء سان فرانسيسكو,San Francisco,سان فرانسيسكو,United States,الولايات المتحدة,US
san-juan,Port of San Juan,ميناء سان خوان,San Juan,سان خوان,Puerto Rico,بورتوريكو,PR
santa-cruz-de-tenerife-es,Port of Santa Cruz de Tenerife,ميناء سانتا كروث دي تنريفه,Santa Cruz de Tenerife,سانتا كروث دي تنريفه,Spain,إسبانيا,ES
santa-marta-co,Port of Santa Marta,ميناء سانتا مارتا,Santa Marta,سانتا مارتا,Colombia,كولومبيا,CO
santo-domingo-do,Port of Santo Domingo,ميناء سانتو دومينغو,Santo Domingo,سانتو دومينغو,Dominican Republic,جمهورية الدومينيكان,DO
santorini-port,Santorini Port,ميناء سانتوريني,Santorini,سانتوريني,Greece,اليونان,GR
santos-br,Port of Santos,ميناء سانتوس,Santos,سانتوس,Brazil,البرازيل,BR
sanya-cn,Port of Sanya,ميناء سانيا,Sanya,سانيا,China,الصين,CN
savona,Port of Savona,ميناء سافونا,Savona,سافونا,Italy,إيطاليا,IT
seattle-port,Port of Seattle,ميناء سياتل,Seattle,سياتل,United States,الولايات المتحدة,US
sete-fr,Port of Sète,ميناء سيت,Sète,سيت,France,فرنسا,FR
seward-us,Port of Seward,ميناء سيوارد,Seward,سيوارد,United States,الولايات المتحدة,US
shanghai-port,Wusongkou Cruise Terminal,محطة ووسونغكو للرحلات البحرية,Shanghai,شانغهاي,China,الصين,CN
sharjah-ae,Port of Sharjah,ميناء الشارقة,Sharjah,الشارقة,United Arab Emirates,الإمارات,AE
sharm,Sharm El Sheikh Port,ميناء شرم الشيخ,Sharm El Sheikh,شرم الشيخ,Egypt,مصر,EG
sihanoukville-kh,Port of Sihanoukville,ميناء سيهانوكفيل,Sihanoukville,سيهانوكفيل,Cambodia,كمبوديا,KH
singapore-port,Marina Bay Cruise Centre,مركز مارينا باي للرحلات البحرية,Singapore,سنغافورة,Singapore,سنغافورة,SG
sir-bani-yas,Sir Bani Yas Island,جزيرة صير بني ياس,Sir Bani Yas,صير بني ياس,United Arab Emirates,الإمارات,AE
sitka-us,Port of Sitka,ميناء سيتكا,Sitka,سيتكا,United States,الولايات المتحدة,US
skagway-us,Port of Skagway,ميناء سكاغواي,Skagway,سكاغواي,United States,الولايات المتحدة,US
southampton,Port of Southampton,ميناء ساوثهامبتون,Southampton,ساوثهامبتون,United Kingdom,المملكة المتحدة,GB
split-port,Port of Split,ميناء سبليت,Split,سبليت,Croatia,كرواتيا,HR
st-george-s-gd,Port of St. George's,ميناء سانت جورجز,St. George's,سانت جورجز,Grenada,غرينادا,GD
stavanger-no,Port of Stavanger,ميناء ستافانغر,Stavanger,ستافانغر,Norway,النرويج,NO
stockholm-port,Port of Stockholm,ميناء ستوكهولم,Stockholm,ستوكهولم,Sweden,السويد,SE
sur-om,Port of Sur,ميناء ولاية صور,Sur,ولاية صور,Oman,عُمان,OM
surabaya-id,Port of Surabaya,ميناء ميناء تانجونغ بيراك,Surabaya,ميناء تانجونغ بيراك,Indonesia,إندونيسيا,ID
suva-fj,Port of Suva,ميناء سوفا,Suva,سوفا,Fiji,فيجي,FJ
sydney-port,Overseas Passenger Terminal,محطة الركاب الدولية,Sydney,سيدني,Australia,أستراليا,AU
tallinn-ee,Port of Tallinn,ميناء تالين,Tallinn,تالين,Estonia,إستونيا,EE
tampa,Port Tampa Bay,ميناء تامبا,Tampa,تامبا,United States,الولايات المتحدة,US
tangier-port,Tanger Ville,ميناء طنجة المدينة,Tangier,طنجة,Morocco,المغرب,MA
tenerife-port,Santa Cruz de Tenerife,سانتا كروث دي تينيريفي,Tenerife,تينيريفي,Spain,إسبانيا,ES
thessaloniki-gr,Port of Thessaloniki,ميناء سالونيك,Thessaloniki,سالونيك,Greece,اليونان,GR
tianjin-cn,Port of Tianjin,ميناء تيانجين,Tianjin,تيانجين,China,الصين,CN
torshavn-fo,Port of Tórshavn,ميناء توشهافن,Tórshavn,توشهافن,Faroe Islands,جزر فارو,FO
toulon-fr,Port of Toulon,ميناء تولون,Toulon,تولون,France,فرنسا,FR
trabzon-tr,Port of Trabzon,ميناء طربزون,Trabzon,طربزون,Türkiye,تركيا,TR
trieste,Port of Trieste,ميناء تريستي,Trieste,تريستي,Italy,إيطاليا,IT
tromso,Port of Tromsø,ميناء ترومسو,Tromsø,ترومسو,Norway,النرويج,NO
trondheim-no,Port of Trondheim,ميناء تروندهايم,Trondheim,تروندهايم,Norway,النرويج,NO
tunis-port,La Goulette,حلق الوادي,Tunis,تونس,Tunisia,تونس,TN
turku-fi,Port of Turku,ميناء توركو,Turku,توركو,Finland,فنلندا,FI
ushuaia-ar,Port of Ushuaia,ميناء أوشوايا,Ushuaia,أوشوايا,Argentina,الأرجنتين,AR
valencia-port,Port of Valencia,ميناء فالنسيا,Valencia,فالنسيا,Spain,إسبانيا,ES
valletta,Grand Harbour,الميناء الكبير,Valletta,فاليتا,Malta,مالطا,MT
valparaiso-cl,Port of Valparaíso,ميناء فالبارايسو,Valparaíso,فالبارايسو,Chile,تشيلي,CL
vancouver-port,Canada Place,كندا بليس,Vancouver,فانكوفر,Canada,كندا,CA
venice,Port of Venice,ميناء البندقية,Venice,البندقية,Italy,إيطاليا,IT
victoria-ca,Port of Victoria,ميناء فكتوريا,Victoria,فكتوريا,Canada,كندا,CA
victoria-sc,Port Victoria,ميناء فيكتوريا,Victoria,فيكتوريا,Seychelles,سيشل,SC
vigo-es,Port of Vigo,ميناء فيغو,Vigo,فيغو,Spain,إسبانيا,ES
visby-se,Port of Visby,ميناء فيسبي,Visby,فيسبي,Sweden,السويد,SE
volos-gr,Port of Volos,ميناء فولوس,Volos,فولوس,Greece,اليونان,GR
walvis-bay-na,Port of Walvis Bay,ميناء ولفس بي,Walvis Bay,ولفس بي,Namibia,ناميبيا,NA
wellington-nz,Port of Wellington,ميناء ويلينغتون,Wellington,ويلينغتون,New Zealand,نيوزيلندا,NZ
whittier-us,Port of Whittier,ميناء ويتير,Whittier,ويتير,United States,الولايات المتحدة,US
willemstad-cw,Port of Willemstad,ميناء ويلمستاد,Willemstad,ويلمستاد,Curaçao,كوراساو,CW
xiamen-cn,Port of Xiamen,ميناء شيامن,Xiamen,شيامن,China,الصين,CN
yanbu,Yanbu Commercial Port,ميناء ينبع التجاري,Yanbu,ينبع,Saudi Arabia,السعودية,SA
yokohama,Port of Yokohama,ميناء يوكوهاما,Yokohama,يوكوهاما,Japan,اليابان,JP
zadar-hr,Port of Zadar,ميناء زادار,Zadar,زادار,Croatia,كرواتيا,HR
zanzibar-city-tz,Port of Zanzibar City,ميناء مدينة زنجبار,Zanzibar City,مدينة زنجبار,Tanzania,تنزانيا,TZ
zanzibar-port,Port of Zanzibar,ميناء زنجبار,Zanzibar,زنجبار,Tanzania,تنزانيا,TZ
zeebrugge-be,Port of Zeebrugge,ميناء زيبروغة,Zeebrugge,زيبروغة,Belgium,بلجيكا,BE
